File,Res,Distance_to_Core
../../input/1a2b_1/protein.pdb,1,22.41099888570809
../../input/1a2b_1/protein.pdb,2,20.067523813722733
../../input/1a2b_1/protein.pdb,3,16.732235645996287
../../input/1a2b_1/protein.pdb,4,14.371874206511118
../../input/1a2b_1/protein.pdb,5,10.616677324594471
../../input/1a2b_1/protein.pdb,6,8.761986381515984
../../input/1a2b_1/protein.pdb,7,5.379390264873884
../../input/1a2b_1/protein.pdb,8,5.94025099024503
../../input/1a2b_1/protein.pdb,9,6.504200062747537
../../input/1a2b_1/protein.pdb,10,9.55577799699607
../../input/1a2b_1/protein.pdb,11,11.583453803229302
../../input/1a2b_1/protein.pdb,12,11.27419323216913
../../input/1a2b_1/protein.pdb,13,8.292528798611725
../../input/1a2b_1/protein.pdb,14,7.745184799102032
../../input/1a2b_1/protein.pdb,15,5.684256678343017
../../input/1a2b_1/protein.pdb,16,9.01262670739641
../../input/1a2b_1/protein.pdb,17,10.352462274462779
../../input/1a2b_1/protein.pdb,18,7.8707468155613105
../../input/1a2b_1/protein.pdb,19,8.94463175520424
../../input/1a2b_1/protein.pdb,20,12.449676618840263
../../input/1a2b_1/protein.pdb,21,12.983891187883083
../../input/1a2b_1/protein.pdb,22,12.341260700504462
../../input/1a2b_1/protein.pdb,23,14.671371371097706
../../input/1a2b_1/protein.pdb,24,17.129166327162704
../../input/1a2b_1/protein.pdb,25,17.22072709573652
../../input/1a2b_1/protein.pdb,26,17.75791839089943
../../input/1a2b_1/protein.pdb,27,15.985997282633317
../../input/1a2b_1/protein.pdb,28,16.547606367135447
../../input/1a2b_1/protein.pdb,29,19.44064883200084
../../input/1a2b_1/protein.pdb,30,19.44824571705491
../../input/1a2b_1/protein.pdb,31,16.70563386745047
../../input/1a2b_1/protein.pdb,32,17.16770439270282
../../input/1a2b_1/protein.pdb,33,15.371711580403785
../../input/1a2b_1/protein.pdb,34,14.159774311159655
../../input/1a2b_1/protein.pdb,35,16.28439485618826
../../input/1a2b_1/protein.pdb,36,14.959860833187701
../../input/1a2b_1/protein.pdb,37,14.894663110904359
../../input/1a2b_1/protein.pdb,38,15.109170990796072
../../input/1a2b_1/protein.pdb,39,14.943237325059975
../../input/1a2b_1/protein.pdb,40,16.297002095607983
../../input/1a2b_1/protein.pdb,41,16.419925969200712
../../input/1a2b_1/protein.pdb,42,18.362455372613983
../../input/1a2b_1/protein.pdb,43,17.875773172251655
../../input/1a2b_1/protein.pdb,44,20.343353106751604
../../input/1a2b_1/protein.pdb,45,19.600312018659533
../../input/1a2b_1/protein.pdb,46,22.613748612534156
../../input/1a2b_1/protein.pdb,47,24.8407279919648
../../input/1a2b_1/protein.pdb,48,23.210529603509645
../../input/1a2b_1/protein.pdb,49,22.519549016493794
../../input/1a2b_1/protein.pdb,50,19.558682897792735
../../input/1a2b_1/protein.pdb,51,18.859445342554906
../../input/1a2b_1/protein.pdb,52,15.288604527746113
../../input/1a2b_1/protein.pdb,53,14.625238375774659
../../input/1a2b_1/protein.pdb,54,11.494967608625233
../../input/1a2b_1/protein.pdb,55,11.545337348133083
../../input/1a2b_1/protein.pdb,56,10.072176169944314
../../input/1a2b_1/protein.pdb,57,10.588698098851328
../../input/1a2b_1/protein.pdb,58,12.019153576671698
../../input/1a2b_1/protein.pdb,59,11.218376375455074
../../input/1a2b_1/protein.pdb,60,14.989465935045335
../../input/1a2b_1/protein.pdb,61,17.455967354951156
../../input/1a2b_1/protein.pdb,62,19.78303730808799
../../input/1a2b_1/protein.pdb,63,17.744413436939276
../../input/1a2b_1/protein.pdb,64,17.34131918653644
../../input/1a2b_1/protein.pdb,65,20.02100940387867
../../input/1a2b_1/protein.pdb,66,18.70827966966971
../../input/1a2b_1/protein.pdb,67,15.05056128898232
../../input/1a2b_1/protein.pdb,68,16.539608840664794
../../input/1a2b_1/protein.pdb,69,18.19397625148346
../../input/1a2b_1/protein.pdb,70,15.365246285740888
../../input/1a2b_1/protein.pdb,71,14.977642847626369
../../input/1a2b_1/protein.pdb,72,18.423081408297666
../../input/1a2b_1/protein.pdb,73,18.22374878637162
../../input/1a2b_1/protein.pdb,74,14.649475785291232
../../input/1a2b_1/protein.pdb,75,14.666723320681191
../../input/1a2b_1/protein.pdb,76,11.237826955905648
../../input/1a2b_1/protein.pdb,77,8.018433079714681
../../input/1a2b_1/protein.pdb,78,4.392368924919108
../../input/1a2b_1/protein.pdb,79,4.466915283535215
../../input/1a2b_1/protein.pdb,80,3.1161217078827517
../../input/1a2b_1/protein.pdb,81,6.5312498079290355
../../input/1a2b_1/protein.pdb,82,9.05321778598622
../../input/1a2b_1/protein.pdb,83,11.794706458085793
../../input/1a2b_1/protein.pdb,84,14.529918405214653
../../input/1a2b_1/protein.pdb,85,14.027618076037529
../../input/1a2b_1/protein.pdb,86,14.999397379748718
../../input/1a2b_1/protein.pdb,87,15.183414556411865
../../input/1a2b_1/protein.pdb,88,11.49305508362629
../../input/1a2b_1/protein.pdb,89,11.532270769349608
../../input/1a2b_1/protein.pdb,90,14.669125735982883
../../input/1a2b_1/protein.pdb,91,13.358862253394662
../../input/1a2b_1/protein.pdb,92,11.183099188997966
../../input/1a2b_1/protein.pdb,93,14.412370311939956
../../input/1a2b_1/protein.pdb,94,16.100095090131088
../../input/1a2b_1/protein.pdb,95,14.431291826633279
../../input/1a2b_1/protein.pdb,96,11.252074659692884
../../input/1a2b_1/protein.pdb,97,12.659021184918327
../../input/1a2b_1/protein.pdb,98,16.003628097840025
../../input/1a2b_1/protein.pdb,99,15.030957287512349
../../input/1a2b_1/protein.pdb,100,13.005770022224569
../../input/1a2b_1/protein.pdb,101,15.603869883452937
../../input/1a2b_1/protein.pdb,102,18.255172539940094
../../input/1a2b_1/protein.pdb,103,17.34921196956845
../../input/1a2b_1/protein.pdb,104,15.902692714495927
../../input/1a2b_1/protein.pdb,105,17.639273054743146
../../input/1a2b_1/protein.pdb,106,18.254862249154193
../../input/1a2b_1/protein.pdb,107,14.942977478423423
../../input/1a2b_1/protein.pdb,108,12.902092414427782
../../input/1a2b_1/protein.pdb,109,9.672516761692814
../../input/1a2b_1/protein.pdb,110,7.642178572826733
../../input/1a2b_1/protein.pdb,111,6.729194378293017
../../input/1a2b_1/protein.pdb,112,4.911562265480524
../../input/1a2b_1/protein.pdb,113,7.203454888487865
../../input/1a2b_1/protein.pdb,114,7.284308243008132
../../input/1a2b_1/protein.pdb,115,10.734681795420112
../../input/1a2b_1/protein.pdb,116,12.444994827688438
../../input/1a2b_1/protein.pdb,117,15.52715890210753
../../input/1a2b_1/protein.pdb,118,16.251267104783224
../../input/1a2b_1/protein.pdb,119,17.16183944176284
../../input/1a2b_1/protein.pdb,120,20.491512034835832
../../input/1a2b_1/protein.pdb,121,21.00628388414754
../../input/1a2b_1/protein.pdb,122,24.260691316720393
../../input/1a2b_1/protein.pdb,123,23.85122610447046
../../input/1a2b_1/protein.pdb,124,20.691281248791626
../../input/1a2b_1/protein.pdb,125,22.52894953470019
../../input/1a2b_1/protein.pdb,126,25.521074476517445
../../input/1a2b_1/protein.pdb,127,23.967770601111475
../../input/1a2b_1/protein.pdb,128,22.29306517444721
../../input/1a2b_1/protein.pdb,129,25.698159333515864
../../input/1a2b_1/protein.pdb,130,27.251405621555175
../../input/1a2b_1/protein.pdb,131,24.960241953707822
../../input/1a2b_1/protein.pdb,132,25.954709799990006
../../input/1a2b_1/protein.pdb,133,22.37711692009135
../../input/1a2b_1/protein.pdb,134,20.553307828074736
../../input/1a2b_1/protein.pdb,135,17.120921727859283
../../input/1a2b_1/protein.pdb,136,15.158471554851468
../../input/1a2b_1/protein.pdb,137,16.823986244393627
../../input/1a2b_1/protein.pdb,138,15.24030360622062
../../input/1a2b_1/protein.pdb,139,17.446094533079105
../../input/1a2b_1/protein.pdb,140,16.392946151615487
../../input/1a2b_1/protein.pdb,141,12.707550595870593
../../input/1a2b_1/protein.pdb,142,14.198724764423108
../../input/1a2b_1/protein.pdb,143,16.555108273668797
../../input/1a2b_1/protein.pdb,144,14.061268468624199
../../input/1a2b_1/protein.pdb,145,12.469718848583069
../../input/1a2b_1/protein.pdb,146,16.085548467865664
../../input/1a2b_1/protein.pdb,147,17.056646086208843
../../input/1a2b_1/protein.pdb,148,14.870099675819795
../../input/1a2b_1/protein.pdb,149,15.674189286768135
../../input/1a2b_1/protein.pdb,150,12.379992250538754
../../input/1a2b_1/protein.pdb,151,13.235532715763286
../../input/1a2b_1/protein.pdb,152,12.047106740695423
../../input/1a2b_1/protein.pdb,153,10.398719689581258
../../input/1a2b_1/protein.pdb,154,9.443165033302936
../../input/1a2b_1/protein.pdb,155,9.481176166247602
../../input/1a2b_1/protein.pdb,156,9.848107463994248
../../input/1a2b_1/protein.pdb,157,11.190182849918743
../../input/1a2b_1/protein.pdb,158,11.063085345756404
../../input/1a2b_1/protein.pdb,159,14.431103903627287
../../input/1a2b_1/protein.pdb,160,16.286192105981193
../../input/1a2b_1/protein.pdb,161,14.427519321279249
../../input/1a2b_1/protein.pdb,162,14.501906162198537
../../input/1a2b_1/protein.pdb,163,12.651207412663986
../../input/1a2b_1/protein.pdb,164,10.66917519560142
../../input/1a2b_1/protein.pdb,165,12.929751326220359
../../input/1a2b_1/protein.pdb,166,12.690549257625175
../../input/1a2b_1/protein.pdb,167,8.972265743665156
../../input/1a2b_1/protein.pdb,168,10.150355032228509
../../input/1a2b_1/protein.pdb,169,13.470111352154808
../../input/1a2b_1/protein.pdb,170,12.318801763706672
../../input/1a2b_1/protein.pdb,171,10.564663570719816
../../input/1a2b_1/protein.pdb,172,13.906110685529224
../../input/1a2b_1/protein.pdb,173,15.957805464197445
../../input/1a2b_1/protein.pdb,174,14.677640109415004
../../input/1a2b_1/protein.pdb,175,15.139138343906229
../../input/1a2b_1/protein.pdb,176,18.692059393690474
../../input/1a2b_1/protein.pdb,177,19.974637833364426
../../input/1a2b_1/protein.pdb,178,19.860757383796617
../../input/1a2n_1/protein.pdb,1,23.385020628182577
../../input/1a2n_1/protein.pdb,2,22.288189529870174
../../input/1a2n_1/protein.pdb,3,22.13417509911367
../../input/1a2n_1/protein.pdb,4,21.743685097729497
../../input/1a2n_1/protein.pdb,5,24.95631262431294
../../input/1a2n_1/protein.pdb,6,24.62501612105218
../../input/1a2n_1/protein.pdb,7,27.643070412510923
../../input/1a2n_1/protein.pdb,8,28.00947287488473
../../input/1a2n_1/protein.pdb,9,28.76514188255765
../../input/1a2n_1/protein.pdb,10,27.373210676386346
../../input/1a2n_1/protein.pdb,11,26.495879098214875
../../input/1a2n_1/protein.pdb,12,23.283220805273295
../../input/1a2n_1/protein.pdb,13,24.543238591363966
../../input/1a2n_1/protein.pdb,14,24.55650084791233
../../input/1a2n_1/protein.pdb,15,22.157036037522467
../../input/1a2n_1/protein.pdb,16,18.912033326375997
../../input/1a2n_1/protein.pdb,17,17.732068742279793
../../input/1a2n_1/protein.pdb,18,14.129695767083769
../../input/1a2n_1/protein.pdb,19,12.22928368837431
../../input/1a2n_1/protein.pdb,20,10.679012095629314
../../input/1a2n_1/protein.pdb,21,7.2040767116878595
../../input/1a2n_1/protein.pdb,22,5.487013998522557
../../input/1a2n_1/protein.pdb,23,3.992238142364421
../../input/1a2n_1/protein.pdb,24,7.613367665684351
../../input/1a2n_1/protein.pdb,25,9.21254816924257
../../input/1a2n_1/protein.pdb,26,8.496483831876574
../../input/1a2n_1/protein.pdb,27,10.036069626904604
../../input/1a2n_1/protein.pdb,28,12.657627818107137
../../input/1a2n_1/protein.pdb,29,13.831639522353685
../../input/1a2n_1/protein.pdb,30,14.738856313957308
../../input/1a2n_1/protein.pdb,31,16.14682027983163
../../input/1a2n_1/protein.pdb,32,18.446149880972264
../../input/1a2n_1/protein.pdb,33,20.22861692939712
../../input/1a2n_1/protein.pdb,34,22.08236968684624
../../input/1a2n_1/protein.pdb,35,23.324325288681408
../../input/1a2n_1/protein.pdb,36,26.887516447347497
../../input/1a2n_1/protein.pdb,37,27.536031565007573
../../input/1a2n_1/protein.pdb,38,25.589665203337457
../../input/1a2n_1/protein.pdb,39,22.186999508078898
../../input/1a2n_1/protein.pdb,40,21.05762299249278
../../input/1a2n_1/protein.pdb,41,17.383590937515248
../../input/1a2n_1/protein.pdb,42,17.499519427752837
../../input/1a2n_1/protein.pdb,43,15.16142174402196
../../input/1a2n_1/protein.pdb,44,13.129097986455896
../../input/1a2n_1/protein.pdb,45,11.897064856702706
../../input/1a2n_1/protein.pdb,46,13.53462866568478
../../input/1a2n_1/protein.pdb,47,11.200238619461791
../../input/1a2n_1/protein.pdb,48,12.530885625739142
../../input/1a2n_1/protein.pdb,49,10.711194951102607
../../input/1a2n_1/protein.pdb,50,11.77414307995965
../../input/1a2n_1/protein.pdb,51,15.093800025823528
../../input/1a2n_1/protein.pdb,52,15.299284532622385
../../input/1a2n_1/protein.pdb,53,14.441948507896441
../../input/1a2n_1/protein.pdb,54,17.161046097407326
../../input/1a2n_1/protein.pdb,55,19.453241735166127
../../input/1a2n_1/protein.pdb,56,19.222830102737035
../../input/1a2n_1/protein.pdb,57,19.62901860006366
../../input/1a2n_1/protein.pdb,58,22.8069789329396
../../input/1a2n_1/protein.pdb,59,23.852931190971663
../../input/1a2n_1/protein.pdb,60,24.105821369720218
../../input/1a2n_1/protein.pdb,61,26.189231522747793
../../input/1a2n_1/protein.pdb,62,24.26406477666319
../../input/1a2n_1/protein.pdb,63,25.2603327870701
../../input/1a2n_1/protein.pdb,64,22.47282404830835
../../input/1a2n_1/protein.pdb,65,22.51059258627927
../../input/1a2n_1/protein.pdb,66,20.583346873091752
../../input/1a2n_1/protein.pdb,67,20.546507917352002
../../input/1a2n_1/protein.pdb,68,19.09699580671103
../../input/1a2n_1/protein.pdb,69,18.52200668744663
../../input/1a2n_1/protein.pdb,70,18.20002216980242
../../input/1a2n_1/protein.pdb,71,21.31392851265757
../../input/1a2n_1/protein.pdb,72,21.521913192995314
../../input/1a2n_1/protein.pdb,73,24.81062326967055
../../input/1a2n_1/protein.pdb,74,24.427740304708653
../../input/1a2n_1/protein.pdb,75,27.95616898621702
../../input/1a2n_1/protein.pdb,76,29.187202593780242
../../input/1a2n_1/protein.pdb,77,26.612817370516122
../../input/1a2n_1/protein.pdb,78,28.91463474500843
../../input/1a2n_1/protein.pdb,79,27.308444402418647
../../input/1a2n_1/protein.pdb,80,25.519541034485677
../../input/1a2n_1/protein.pdb,81,24.639664590489417
../../input/1a2n_1/protein.pdb,82,21.84835030002101
../../input/1a2n_1/protein.pdb,83,23.140882082393055
../../input/1a2n_1/protein.pdb,84,22.022245583075307
../../input/1a2n_1/protein.pdb,85,21.846504506787788
../../input/1a2n_1/protein.pdb,86,18.832221435173373
../../input/1a2n_1/protein.pdb,87,17.27988131586886
../../input/1a2n_1/protein.pdb,88,17.45138727351428
../../input/1a2n_1/protein.pdb,89,15.176222144832108
../../input/1a2n_1/protein.pdb,90,12.188316739743449
../../input/1a2n_1/protein.pdb,91,11.39258360336327
../../input/1a2n_1/protein.pdb,92,10.221803057589213
../../input/1a2n_1/protein.pdb,93,13.852910713994538
../../input/1a2n_1/protein.pdb,94,14.861246251983667
../../input/1a2n_1/protein.pdb,95,14.161901772103903
../../input/1a2n_1/protein.pdb,96,17.14824943573437
../../input/1a2n_1/protein.pdb,97,19.25773360129091
../../input/1a2n_1/protein.pdb,98,19.546554870865116
../../input/1a2n_1/protein.pdb,99,20.24511056470536
../../input/1a2n_1/protein.pdb,100,22.769774464987503
../../input/1a2n_1/protein.pdb,101,24.431258515310546
../../input/1a2n_1/protein.pdb,102,24.722202307303956
../../input/1a2n_1/protein.pdb,103,26.114898721435296
../../input/1a2n_1/protein.pdb,104,27.81480833665007
../../input/1a2n_1/protein.pdb,105,28.853316164496693
../../input/1a2n_1/protein.pdb,106,27.272594014272148
../../input/1a2n_1/protein.pdb,107,24.27870296416777
../../input/1a2n_1/protein.pdb,108,23.65581360540617
../../input/1a2n_1/protein.pdb,109,20.46836400477916
../../input/1a2n_1/protein.pdb,110,20.5350531079222
../../input/1a2n_1/protein.pdb,111,19.367452267580358
../../input/1a2n_1/protein.pdb,112,16.251950906253462
../../input/1a2n_1/protein.pdb,113,17.68944048441571
../../input/1a2n_1/protein.pdb,114,16.922122773287356
../../input/1a2n_1/protein.pdb,115,15.309121139239906
../../input/1a2n_1/protein.pdb,116,14.356977599702052
../../input/1a2n_1/protein.pdb,117,12.959314960784626
../../input/1a2n_1/protein.pdb,118,15.142080452061098
../../input/1a2n_1/protein.pdb,119,17.037961869217767
../../input/1a2n_1/protein.pdb,120,14.337877330733448
../../input/1a2n_1/protein.pdb,121,16.875924271088213
../../input/1a2n_1/protein.pdb,122,16.603644584519706
../../input/1a2n_1/protein.pdb,123,19.718514401933863
../../input/1a2n_1/protein.pdb,124,18.41093131193912
../../input/1a2n_1/protein.pdb,125,17.72563081385997
../../input/1a2n_1/protein.pdb,126,21.181777856305896
../../input/1a2n_1/protein.pdb,127,22.780061680462357
../../input/1a2n_1/protein.pdb,128,21.87539363146987
../../input/1a2n_1/protein.pdb,129,22.719056093756627
../../input/1a2n_1/protein.pdb,130,25.862491976718758
../../input/1a2n_1/protein.pdb,131,26.585448198328457
../../input/1a2n_1/protein.pdb,132,26.397970287063405
../../input/1a2n_1/protein.pdb,133,28.83236933544468
../../input/1a2n_1/protein.pdb,134,27.35250537110614
../../input/1a2n_1/protein.pdb,135,28.86739204051237
../../input/1a2n_1/protein.pdb,136,26.583175698679096
../../input/1a2n_1/protein.pdb,137,27.981049771042102
../../input/1a2n_1/protein.pdb,138,26.50912978397386
../../input/1a2n_1/protein.pdb,139,28.461120851837183
../../input/1a2n_1/protein.pdb,140,28.43191751160689
../../input/1a2n_1/protein.pdb,141,24.80655725487582
../../input/1a2n_1/protein.pdb,142,23.920928812872702
../../input/1a2n_1/protein.pdb,143,23.031661884739908
../../input/1a2n_1/protein.pdb,144,25.620546999561807
../../input/1a2n_1/protein.pdb,145,25.503903629018478
../../input/1a2n_1/protein.pdb,146,28.294194850732286
../../input/1a2n_1/protein.pdb,147,30.152529647171498
../../input/1a2n_1/protein.pdb,148,33.571368693287965
../../input/1a2n_1/protein.pdb,149,33.452612667354835
../../input/1a2n_1/protein.pdb,150,30.81465769599191
../../input/1a2n_1/protein.pdb,151,28.685028663823303
../../input/1a2n_1/protein.pdb,152,29.965824065802693
../../input/1a2n_1/protein.pdb,153,27.955010215416955
../../input/1a2n_1/protein.pdb,154,27.91297220435219
../../input/1a2n_1/protein.pdb,155,27.450800233138605
../../input/1a2n_1/protein.pdb,156,24.435129140739754
../../input/1a2n_1/protein.pdb,157,23.89176856075988
../../input/1a2n_1/protein.pdb,158,20.767134481526035
../../input/1a2n_1/protein.pdb,159,21.64706201231212
../../input/1a2n_1/protein.pdb,160,18.528974020180804
../../input/1a2n_1/protein.pdb,161,15.427221849424091
../../input/1a2n_1/protein.pdb,162,12.838844758858118
../../input/1a2n_1/protein.pdb,163,10.049932347880247
../../input/1a2n_1/protein.pdb,164,10.501143253602704
../../input/1a2n_1/protein.pdb,165,14.269010292151817
../../input/1a2n_1/protein.pdb,166,14.640491660916698
../../input/1a2n_1/protein.pdb,167,13.28772332384573
../../input/1a2n_1/protein.pdb,168,15.807282796108156
../../input/1a2n_1/protein.pdb,169,18.553209609928967
../../input/1a2n_1/protein.pdb,170,17.949815245862027
../../input/1a2n_1/protein.pdb,171,18.141494165753947
../../input/1a2n_1/protein.pdb,172,20.902715022150197
../../input/1a2n_1/protein.pdb,173,22.783096356426505
../../input/1a2n_1/protein.pdb,174,23.30917784469974
../../input/1a2n_1/protein.pdb,175,25.913620827446433
../../input/1a2n_1/protein.pdb,176,27.506623488004145
../../input/1a2n_1/protein.pdb,177,30.918505462659244
../../input/1a2n_1/protein.pdb,178,30.73980238615956
../../input/1a2n_1/protein.pdb,179,28.731315862542935
../../input/1a2n_1/protein.pdb,180,25.679166505610215
../../input/1a2n_1/protein.pdb,181,24.75880345038952
../../input/1a2n_1/protein.pdb,182,21.66552542660963
../../input/1a2n_1/protein.pdb,183,22.403692876560623
../../input/1a2n_1/protein.pdb,184,19.933619613764225
../../input/1a2n_1/protein.pdb,185,17.26412721546578
../../input/1a2n_1/protein.pdb,186,13.852234090417202
../../input/1a2n_1/protein.pdb,187,14.1349765405142
../../input/1a2n_1/protein.pdb,188,10.714210729744734
../../input/1a2n_1/protein.pdb,189,10.757966153076824
../../input/1a2n_1/protein.pdb,190,8.78479123358076
../../input/1a2n_1/protein.pdb,191,11.345313078021736
../../input/1a2n_1/protein.pdb,192,14.023024484529557
../../input/1a2n_1/protein.pdb,193,13.127976176235617
../../input/1a2n_1/protein.pdb,194,13.148218594626211
../../input/1a2n_1/protein.pdb,195,16.35759584883301
../../input/1a2n_1/protein.pdb,196,17.823894205752644
../../input/1a2n_1/protein.pdb,197,17.413861874900682
../../input/1a2n_1/protein.pdb,198,19.202225473545123
../../input/1a2n_1/protein.pdb,199,21.63990147947913
../../input/1a2n_1/protein.pdb,200,22.38224290936149
../../input/1a2n_1/protein.pdb,201,23.159170436354323
../../input/1a2n_1/protein.pdb,202,25.36110342823107
../../input/1a2n_1/protein.pdb,203,23.818467818481103
../../input/1a2n_1/protein.pdb,204,25.255072727363697
../../input/1a2n_1/protein.pdb,205,22.621996436069903
../../input/1a2n_1/protein.pdb,206,23.100055340122488
../../input/1a2n_1/protein.pdb,207,21.7446216677812
../../input/1a2n_1/protein.pdb,208,17.91913969511151
../../input/1a2n_1/protein.pdb,209,16.747127791287184
../../input/1a2n_1/protein.pdb,210,19.488300843104597
../../input/1a2n_1/protein.pdb,211,19.71140959676732
../../input/1a2n_1/protein.pdb,212,21.712943825395087
../../input/1a2n_1/protein.pdb,213,20.8232667462041
../../input/1a2n_1/protein.pdb,214,23.69514918895642
../../input/1a2n_1/protein.pdb,215,23.96997508630117
../../input/1a2n_1/protein.pdb,216,27.281659150716685
../../input/1a2n_1/protein.pdb,217,27.496620873320055
../../input/1a2n_1/protein.pdb,218,28.94249184339365
../../input/1a2n_1/protein.pdb,219,30.44981419361284
../../input/1a2n_1/protein.pdb,220,28.757837854540472
../../input/1a2n_1/protein.pdb,221,26.00076385239747
../../input/1a2n_1/protein.pdb,222,26.55507683120206
../../input/1a2n_1/protein.pdb,223,24.770021145690542
../../input/1a2n_1/protein.pdb,224,24.00350213557248
../../input/1a2n_1/protein.pdb,225,21.982993827711944
../../input/1a2n_1/protein.pdb,226,18.547804276294404
../../input/1a2n_1/protein.pdb,227,16.8003007980589
../../input/1a2n_1/protein.pdb,228,13.098830834320967
../../input/1a2n_1/protein.pdb,229,12.232036422639373
../../input/1a2n_1/protein.pdb,230,11.516115414646267
../../input/1a2n_1/protein.pdb,231,8.337160102797277
../../input/1a2n_1/protein.pdb,232,9.022791506737118
../../input/1a2n_1/protein.pdb,233,7.334329801553328
../../input/1a2n_1/protein.pdb,234,9.117506545623293
../../input/1a2n_1/protein.pdb,235,11.771348746626257
../../input/1a2n_1/protein.pdb,236,12.02890830388619
../../input/1a2n_1/protein.pdb,237,12.246323514342913
../../input/1a2n_1/protein.pdb,238,15.080898021401214
../../input/1a2n_1/protein.pdb,239,16.718709617757522
../../input/1a2n_1/protein.pdb,240,16.933280806287314
../../input/1a2n_1/protein.pdb,241,18.156002851951094
../../input/1a2n_1/protein.pdb,242,21.048218687876236
../../input/1a2n_1/protein.pdb,243,21.784926290002996
../../input/1a2n_1/protein.pdb,244,22.27745731374438
../../input/1a2n_1/protein.pdb,245,24.27935795323257
../../input/1a2n_1/protein.pdb,246,26.434918101795734
../../input/1a2n_1/protein.pdb,247,25.65937472966049
../../input/1a2n_1/protein.pdb,248,24.689004620862683
../../input/1a2n_1/protein.pdb,249,22.50052772204169
../../input/1a2n_1/protein.pdb,250,21.627569325057372
../../input/1a2n_1/protein.pdb,251,18.343504017762996
../../input/1a2n_1/protein.pdb,252,19.162975290148474
../../input/1a2n_1/protein.pdb,253,17.32566932950869
../../input/1a2n_1/protein.pdb,254,15.608929845476402
../../input/1a2n_1/protein.pdb,255,15.335103169902268
../../input/1a2n_1/protein.pdb,256,16.85534840671118
../../input/1a2n_1/protein.pdb,257,16.794900679479444
../../input/1a2n_1/protein.pdb,258,13.045115345474999
../../input/1a2n_1/protein.pdb,259,13.75782869751657
../../input/1a2n_1/protein.pdb,260,17.093272239082143
../../input/1a2n_1/protein.pdb,261,16.552472874205353
../../input/1a2n_1/protein.pdb,262,15.463875414654325
../../input/1a2n_1/protein.pdb,263,18.2388823414061
../../input/1a2n_1/protein.pdb,264,20.704540133794126
../../input/1a2n_1/protein.pdb,265,19.856435925377756
../../input/1a2n_1/protein.pdb,266,20.42474774203785
../../input/1a2n_1/protein.pdb,267,23.538898491221236
../../input/1a2n_1/protein.pdb,268,24.410280548996848
../../input/1a2n_1/protein.pdb,269,24.05068134953387
../../input/1a2n_1/protein.pdb,270,26.47338451594087
../../input/1a2n_1/protein.pdb,271,24.593554893301874
../../input/1a2n_1/protein.pdb,272,26.086162193520874
../../input/1a2n_1/protein.pdb,273,23.51885950773666
../../input/1a2n_1/protein.pdb,274,24.36806863599275
../../input/1a2n_1/protein.pdb,275,22.773871169079897
../../input/1a2n_1/protein.pdb,276,23.64689353629957
../../input/1a2n_1/protein.pdb,277,22.386529849978903
../../input/1a2n_1/protein.pdb,278,19.999639654626357
../../input/1a2n_1/protein.pdb,279,20.05878410180873
../../input/1a2n_1/protein.pdb,280,19.8633262169739
../../input/1a2n_1/protein.pdb,281,22.117080657391867
../../input/1a2n_1/protein.pdb,282,22.515414800521423
../../input/1a2n_1/protein.pdb,283,25.79197883505946
../../input/1a2n_1/protein.pdb,284,26.572594905969066
../../input/1a2n_1/protein.pdb,285,30.199159443418313
../../input/1a2n_1/protein.pdb,286,30.777872666446626
../../input/1a2n_1/protein.pdb,287,30.085575019227768
../../input/1a2n_1/protein.pdb,288,28.138391313803197
../../input/1a2n_1/protein.pdb,289,25.49411733443159
../../input/1a2n_1/protein.pdb,290,26.81038599324674
../../input/1a2n_1/protein.pdb,291,25.3530606998486
../../input/1a2n_1/protein.pdb,292,23.283225282034678
../../input/1a2n_1/protein.pdb,293,22.598157407054792
../../input/1a2n_1/protein.pdb,294,19.21203613789279
../../input/1a2n_1/protein.pdb,295,18.314743674472577
../../input/1a2n_1/protein.pdb,296,14.782419292612245
../../input/1a2n_1/protein.pdb,297,14.41182207920875
../../input/1a2n_1/protein.pdb,298,12.753324976579794
../../input/1a2n_1/protein.pdb,299,12.656209683170568
../../input/1a2n_1/protein.pdb,300,14.75093869005048
../../input/1a2n_1/protein.pdb,301,15.328836745308138
../../input/1a2n_1/protein.pdb,302,13.908131182957526
../../input/1a2n_1/protein.pdb,303,10.188073292729936
../../input/1a2n_1/protein.pdb,304,9.999740495081047
../../input/1a2n_1/protein.pdb,305,7.152192515412631
../../input/1a2n_1/protein.pdb,306,10.179654753618797
../../input/1a2n_1/protein.pdb,307,12.717175835718928
../../input/1a2n_1/protein.pdb,308,13.414430980307428
../../input/1a2n_1/protein.pdb,309,14.045017925047457
../../input/1a2n_1/protein.pdb,310,16.242724841173096
../../input/1a2n_1/protein.pdb,311,17.847746829335975
../../input/1a2n_1/protein.pdb,312,19.138120604450602
../../input/1a2n_1/protein.pdb,313,20.13976773197841
../../input/1a2n_1/protein.pdb,314,22.253106769865326
../../input/1a2n_1/protein.pdb,315,23.78136548631365
../../input/1a2n_1/protein.pdb,316,25.293891994247065
../../input/1a2n_1/protein.pdb,317,26.021439163395836
../../input/1a2n_1/protein.pdb,318,29.328284884008873
../../input/1a2n_1/protein.pdb,319,29.67425667178207
../../input/1a2n_1/protein.pdb,320,28.26794373813903
../../input/1a2n_1/protein.pdb,321,24.770144416860635
../../input/1a2n_1/protein.pdb,322,23.519117813347602
../../input/1a2n_1/protein.pdb,323,19.877635914186307
../../input/1a2n_1/protein.pdb,324,19.397024292034686
../../input/1a2n_1/protein.pdb,325,16.307231463143946
../../input/1a2n_1/protein.pdb,326,16.668851597896037
../../input/1a2n_1/protein.pdb,327,13.618683855696853
../../input/1a2n_1/protein.pdb,328,13.48499731644151
../../input/1a2n_1/protein.pdb,329,16.717481140295313
../../input/1a2n_1/protein.pdb,330,16.47437114396212
../../input/1a2n_1/protein.pdb,331,14.216842067210788
../../input/1a2n_1/protein.pdb,332,17.16812999535382
../../input/1a2n_1/protein.pdb,333,17.675853836559256
../../input/1a2n_1/protein.pdb,334,17.314154905890415
../../input/1a2n_1/protein.pdb,335,20.356592492920104
../../input/1a2n_1/protein.pdb,336,23.167298763604915
../../input/1a2n_1/protein.pdb,337,22.065149473061624
../../input/1a2n_1/protein.pdb,338,22.22580557108693
../../input/1a2n_1/protein.pdb,339,25.58764489893177
../../input/1a2n_1/protein.pdb,340,26.965385196407205
../../input/1a2n_1/protein.pdb,341,26.61029187919318
../../input/1a2n_1/protein.pdb,342,28.71504595020691
../../input/1a2n_1/protein.pdb,343,26.567249709091318
../../input/1a2n_1/protein.pdb,344,27.85357117181275
../../input/1a2n_1/protein.pdb,345,25.690702770591333
../../input/1a2n_1/protein.pdb,346,27.140315349607842
../../input/1a2n_1/protein.pdb,347,24.77783063087784
../../input/1a2n_1/protein.pdb,348,26.298108672111102
../../input/1a2n_1/protein.pdb,349,24.63158993181226
../../input/1a2n_1/protein.pdb,350,21.294084447080174
../../input/1a2n_1/protein.pdb,351,22.036400792918656
../../input/1a2n_1/protein.pdb,352,22.033545931420893
../../input/1a2n_1/protein.pdb,353,25.107639961445418
../../input/1a2n_1/protein.pdb,354,25.03349385139047
../../input/1a2n_1/protein.pdb,355,28.074154984411752
../../input/1a2n_1/protein.pdb,356,27.505147033024294
../../input/1a2n_1/protein.pdb,357,29.359139227880824
../../input/1a2n_1/protein.pdb,358,30.37190665776015
../../input/1a2n_1/protein.pdb,359,29.527786497561014
../../input/1a2n_1/protein.pdb,360,27.857143527451907
../../input/1a2n_1/protein.pdb,361,29.454671869723093
../../input/1a2n_1/protein.pdb,362,27.970875683884874
../../input/1a2n_1/protein.pdb,363,27.302842730935094
../../input/1a2n_1/protein.pdb,364,26.161447348995136
../../input/1a2n_1/protein.pdb,365,22.913602184084336
../../input/1a2n_1/protein.pdb,366,20.468796474251246
../../input/1a2n_1/protein.pdb,367,16.84451888553023
../../input/1a2n_1/protein.pdb,368,15.740949055809473
../../input/1a2n_1/protein.pdb,369,11.863957512190492
../../input/1a2n_1/protein.pdb,370,9.091543485663895
../../input/1a2n_1/protein.pdb,371,9.314404901820382
../../input/1a2n_1/protein.pdb,372,12.889794223299688
../../input/1a2n_1/protein.pdb,373,13.735115681133461
../../input/1a2n_1/protein.pdb,374,12.980741399299061
../../input/1a2n_1/protein.pdb,375,14.893974265091915
../../input/1a2n_1/protein.pdb,376,17.635627944870055
../../input/1a2n_1/protein.pdb,377,18.059794545984264
../../input/1a2n_1/protein.pdb,378,18.360023592512846
../../input/1a2n_1/protein.pdb,379,20.669200359288514
../../input/1a2n_1/protein.pdb,380,22.876169641118366
../../input/1a2n_1/protein.pdb,381,23.148935513466984
../../input/1a2n_1/protein.pdb,382,24.802079476565503
../../input/1a2n_1/protein.pdb,383,26.617513810310797
../../input/1a2n_1/protein.pdb,384,30.270434965124615
../../input/1a2n_1/protein.pdb,385,30.85100580044529
../../input/1a2n_1/protein.pdb,386,28.866018587403723
../../input/1a2n_1/protein.pdb,387,25.55845300834476
../../input/1a2n_1/protein.pdb,388,24.612561438678917
../../input/1a2n_1/protein.pdb,389,21.078569321667295
../../input/1a2n_1/protein.pdb,390,21.51348344930694
../../input/1a2n_1/protein.pdb,391,18.976365190367215
../../input/1a2n_1/protein.pdb,392,17.16978792007096
../../input/1a2n_1/protein.pdb,393,15.776186023603758
../../input/1a2n_1/protein.pdb,394,12.597557789345743
../../input/1a2n_1/protein.pdb,395,11.920870689631657
../../input/1a2n_1/protein.pdb,396,12.335254638853224
../../input/1a2n_1/protein.pdb,397,9.344663526035028
../../input/1a2n_1/protein.pdb,398,7.14712649193661
../../input/1a2n_1/protein.pdb,399,10.234803277997223
../../input/1a2n_1/protein.pdb,400,12.81663646271186
../../input/1a2n_1/protein.pdb,401,16.323836399372325
../../input/1a2n_1/protein.pdb,402,15.628125559065756
../../input/1a2n_1/protein.pdb,403,19.136153970134412
../../input/1a2n_1/protein.pdb,404,20.616468991470676
../../input/1a2n_1/protein.pdb,405,18.68852800642469
../../input/1a2n_1/protein.pdb,406,19.540722439803215
../../input/1a2n_1/protein.pdb,407,22.955710533055694
../../input/1a2n_1/protein.pdb,408,23.562017061807733
../../input/1a2n_1/protein.pdb,409,23.263774917676486
../../input/1a2n_1/protein.pdb,410,25.882466515176326
../../input/1a2n_1/protein.pdb,411,24.14830340660976
../../input/1a2n_1/protein.pdb,412,25.96362057801309
../../input/1a2n_1/protein.pdb,413,23.766403523236388
../../input/1a2n_1/protein.pdb,414,24.861597669579933
../../input/1a2n_1/protein.pdb,415,23.562491996938803
../../input/1a2n_1/protein.pdb,416,26.023611106327944
../../input/1a2n_1/protein.pdb,417,27.209959382203166
../../input/1a2n_1/protein.pdb,418,26.8753784373647
